<?xml version="1.0" encoding="UTF-8"?>
<checkstyle version="8.37">
<file name="/home/timen/Documents/tu/sem/sem/subprojects/identity/src/main/java/nl/tudelft/sem/identity/Application.java">
</file>
<file name="/home/timen/Documents/tu/sem/sem/subprojects/identity/src/main/java/nl/tudelft/sem/identity/config/SecurityConfig.java">
</file>
<file name="/home/timen/Documents/tu/sem/sem/subprojects/identity/src/main/java/nl/tudelft/sem/identity/controller/UserController.java">
</file>
<file name="/home/timen/Documents/tu/sem/sem/subprojects/identity/src/main/java/nl/tudelft/sem/identity/entity/AuthenticationRequest.java">
</file>
<file name="/home/timen/Documents/tu/sem/sem/subprojects/identity/src/main/java/nl/tudelft/sem/identity/entity/TokenInfo.java">
</file>
<file name="/home/timen/Documents/tu/sem/sem/subprojects/identity/src/main/java/nl/tudelft/sem/identity/entity/User.java">
</file>
<file name="/home/timen/Documents/tu/sem/sem/subprojects/identity/src/main/java/nl/tudelft/sem/identity/filter/JwtFilter.java">
</file>
<file name="/home/timen/Documents/tu/sem/sem/subprojects/identity/src/main/java/nl/tudelft/sem/identity/repository/UserRepository.java">
</file>
<file name="/home/timen/Documents/tu/sem/sem/subprojects/identity/src/main/java/nl/tudelft/sem/identity/service/UserService.java">
</file>
<file name="/home/timen/Documents/tu/sem/sem/subprojects/identity/src/main/java/nl/tudelft/sem/identity/util/JwtUtil.java">
</file>
<file name="/home/timen/Documents/tu/sem/sem/subprojects/identity/src/main/java/nl/tudelft/sem/identity/util/JwtValidate.java">
</file>
</checkstyle>
