<?xml version="1.0" encoding="UTF-8"?>
<checkstyle version="8.37">
<file name="/home/timen/Documents/tu/sem/sem/subprojects/rooms/src/main/java/nl/tudelft/sem/rooms/Application.java">
</file>
<file name="/home/timen/Documents/tu/sem/sem/subprojects/rooms/src/main/java/nl/tudelft/sem/rooms/Room.java">
</file>
<file name="/home/timen/Documents/tu/sem/sem/subprojects/rooms/src/main/java/nl/tudelft/sem/rooms/RoomController.java">
</file>
<file name="/home/timen/Documents/tu/sem/sem/subprojects/rooms/src/main/java/nl/tudelft/sem/rooms/RoomRepository.java">
</file>
</checkstyle>
