<?xml version="1.0" encoding="UTF-8"?>
<checkstyle version="8.37">
<file name="/home/timen/Documents/tu/sem/sem/subprojects/shared/src/main/java/nl/tudelft/sem/shared/Constants.java">
</file>
<file name="/home/timen/Documents/tu/sem/sem/subprojects/shared/src/main/java/nl/tudelft/sem/shared/entity/AddCourse.java">
</file>
<file name="/home/timen/Documents/tu/sem/sem/subprojects/shared/src/main/java/nl/tudelft/sem/shared/entity/AddLecture.java">
</file>
<file name="/home/timen/Documents/tu/sem/sem/subprojects/shared/src/main/java/nl/tudelft/sem/shared/entity/BareCourse.java">
</file>
<file name="/home/timen/Documents/tu/sem/sem/subprojects/shared/src/main/java/nl/tudelft/sem/shared/entity/BareEnrollment.java">
</file>
<file name="/home/timen/Documents/tu/sem/sem/subprojects/shared/src/main/java/nl/tudelft/sem/shared/entity/BareLecture.java">
</file>
<file name="/home/timen/Documents/tu/sem/sem/subprojects/shared/src/main/java/nl/tudelft/sem/shared/entity/IntValue.java">
</file>
<file name="/home/timen/Documents/tu/sem/sem/subprojects/shared/src/main/java/nl/tudelft/sem/shared/entity/StringMessage.java">
</file>
</checkstyle>
