<?xml version="1.0" encoding="UTF-8"?>
<checkstyle version="8.37">
<file name="/home/timen/Documents/tu/sem/sem/subprojects/calendar/src/main/java/nl/tudelft/sem/calendar/Application.java">
</file>
<file name="/home/timen/Documents/tu/sem/sem/subprojects/calendar/src/main/java/nl/tudelft/sem/calendar/communication/Communicator.java">
</file>
<file name="/home/timen/Documents/tu/sem/sem/subprojects/calendar/src/main/java/nl/tudelft/sem/calendar/communication/CourseCommunicator.java">
</file>
<file name="/home/timen/Documents/tu/sem/sem/subprojects/calendar/src/main/java/nl/tudelft/sem/calendar/communication/RestrictionCommunicator.java">
</file>
<file name="/home/timen/Documents/tu/sem/sem/subprojects/calendar/src/main/java/nl/tudelft/sem/calendar/communication/RoomCommunicator.java">
</file>
<file name="/home/timen/Documents/tu/sem/sem/subprojects/calendar/src/main/java/nl/tudelft/sem/calendar/controllers/CalendarController.java">
</file>
<file name="/home/timen/Documents/tu/sem/sem/subprojects/calendar/src/main/java/nl/tudelft/sem/calendar/entities/Attendance.java">
</file>
<file name="/home/timen/Documents/tu/sem/sem/subprojects/calendar/src/main/java/nl/tudelft/sem/calendar/entities/Course.java">
</file>
<file name="/home/timen/Documents/tu/sem/sem/subprojects/calendar/src/main/java/nl/tudelft/sem/calendar/entities/Enrollment.java">
</file>
<file name="/home/timen/Documents/tu/sem/sem/subprojects/calendar/src/main/java/nl/tudelft/sem/calendar/entities/Lecture.java">
</file>
<file name="/home/timen/Documents/tu/sem/sem/subprojects/calendar/src/main/java/nl/tudelft/sem/calendar/entities/Room.java">
</file>
<file name="/home/timen/Documents/tu/sem/sem/subprojects/calendar/src/main/java/nl/tudelft/sem/calendar/exceptions/ServerErrorException.java">
</file>
<file name="/home/timen/Documents/tu/sem/sem/subprojects/calendar/src/main/java/nl/tudelft/sem/calendar/repositories/AttendanceRepository.java">
</file>
<file name="/home/timen/Documents/tu/sem/sem/subprojects/calendar/src/main/java/nl/tudelft/sem/calendar/repositories/LectureRepository.java">
</file>
<file name="/home/timen/Documents/tu/sem/sem/subprojects/calendar/src/main/java/nl/tudelft/sem/calendar/scheduling/LectureScheduler.java">
<error line="98" column="17" severity="warning" message="Distance between variable &apos;capacity&apos; declaration and its first usage is 4, but allowed 3.  Consider making that variable final if you still need to store its value in advance (before method calls that might have side effects on the original value)." source="com.puppycrawl.tools.checkstyle.checks.coding.VariableDeclarationUsageDistanceCheck"/>
</file>
<file name="/home/timen/Documents/tu/sem/sem/subprojects/calendar/src/main/java/nl/tudelft/sem/calendar/scheduling/OnCampusCandidate.java">
</file>
<file name="/home/timen/Documents/tu/sem/sem/subprojects/calendar/src/main/java/nl/tudelft/sem/calendar/util/Constants.java">
</file>
<file name="/home/timen/Documents/tu/sem/sem/subprojects/calendar/src/main/java/nl/tudelft/sem/calendar/util/JwtValidate.java">
</file>
<file name="/home/timen/Documents/tu/sem/sem/subprojects/calendar/src/main/java/nl/tudelft/sem/calendar/util/Validate.java">
</file>
</checkstyle>
