<?xml version="1.0" encoding="UTF-8"?>
<checkstyle version="8.37">
<file name="/home/timen/Documents/tu/sem/sem/subprojects/restrictions/src/main/java/nl/tudelft/sem/restrictions/Application.java">
</file>
<file name="/home/timen/Documents/tu/sem/sem/subprojects/restrictions/src/main/java/nl/tudelft/sem/restrictions/Restriction.java">
</file>
<file name="/home/timen/Documents/tu/sem/sem/subprojects/restrictions/src/main/java/nl/tudelft/sem/restrictions/RestrictionController.java">
</file>
<file name="/home/timen/Documents/tu/sem/sem/subprojects/restrictions/src/main/java/nl/tudelft/sem/restrictions/RestrictionRepository.java">
</file>
<file name="/home/timen/Documents/tu/sem/sem/subprojects/restrictions/src/main/java/nl/tudelft/sem/restrictions/Room.java">
</file>
<file name="/home/timen/Documents/tu/sem/sem/subprojects/restrictions/src/main/java/nl/tudelft/sem/restrictions/communication/Communicator.java">
</file>
<file name="/home/timen/Documents/tu/sem/sem/subprojects/restrictions/src/main/java/nl/tudelft/sem/restrictions/communication/Constants.java">
</file>
<file name="/home/timen/Documents/tu/sem/sem/subprojects/restrictions/src/main/java/nl/tudelft/sem/restrictions/communication/JwtValidate.java">
</file>
<file name="/home/timen/Documents/tu/sem/sem/subprojects/restrictions/src/main/java/nl/tudelft/sem/restrictions/communication/RoomsCommunicator.java">
</file>
<file name="/home/timen/Documents/tu/sem/sem/subprojects/restrictions/src/main/java/nl/tudelft/sem/restrictions/communication/ServerErrorException.java">
</file>
<file name="/home/timen/Documents/tu/sem/sem/subprojects/restrictions/src/main/java/nl/tudelft/sem/restrictions/communication/Validate.java">
</file>
</checkstyle>
