<?xml version="1.0" encoding="UTF-8"?>
<checkstyle version="8.37">
<file name="/home/timen/Documents/tu/sem/sem/subprojects/courses/src/main/java/nl/tudelft/sem/courses/Application.java">
</file>
<file name="/home/timen/Documents/tu/sem/sem/subprojects/courses/src/main/java/nl/tudelft/sem/courses/controller/CourseController.java">
</file>
<file name="/home/timen/Documents/tu/sem/sem/subprojects/courses/src/main/java/nl/tudelft/sem/courses/controller/EnrollmentController.java">
</file>
<file name="/home/timen/Documents/tu/sem/sem/subprojects/courses/src/main/java/nl/tudelft/sem/courses/controller/LectureController.java">
</file>
<file name="/home/timen/Documents/tu/sem/sem/subprojects/courses/src/main/java/nl/tudelft/sem/courses/entity/Course.java">
</file>
<file name="/home/timen/Documents/tu/sem/sem/subprojects/courses/src/main/java/nl/tudelft/sem/courses/entity/Enrollment.java">
</file>
<file name="/home/timen/Documents/tu/sem/sem/subprojects/courses/src/main/java/nl/tudelft/sem/courses/entity/Lecture.java">
</file>
<file name="/home/timen/Documents/tu/sem/sem/subprojects/courses/src/main/java/nl/tudelft/sem/courses/repository/CourseRepository.java">
</file>
<file name="/home/timen/Documents/tu/sem/sem/subprojects/courses/src/main/java/nl/tudelft/sem/courses/repository/EnrollmentRepository.java">
</file>
<file name="/home/timen/Documents/tu/sem/sem/subprojects/courses/src/main/java/nl/tudelft/sem/courses/repository/LectureRepository.java">
</file>
<file name="/home/timen/Documents/tu/sem/sem/subprojects/courses/src/main/java/nl/tudelft/sem/courses/util/Constants.java">
</file>
<file name="/home/timen/Documents/tu/sem/sem/subprojects/courses/src/main/java/nl/tudelft/sem/courses/util/JwtValidate.java">
</file>
<file name="/home/timen/Documents/tu/sem/sem/subprojects/courses/src/main/java/nl/tudelft/sem/courses/util/Validate.java">
</file>
</checkstyle>
