GROUP,PACKAGE,CLASS,INSTRUCTION_MISSED,INSTRUCTION_COVERED,BRANCH_MISSED,BRANCH_COVERED,LINE_MISSED,LINE_COVERED,COMPLEXITY_MISSED,COMPLEXITY_COVERED,METHOD_MISSED,METHOD_COVERED
calendar,nl.tudelft.sem.calendar.controllers,SchedulingController,25,0,0,0,8,0,2,0,2,0
calendar,nl.tudelft.sem.calendar.scheduling,RequestedLecture,0,33,0,0,0,14,0,7,0,7
calendar,nl.tudelft.sem.calendar.scheduling,OnCampusCandidate,18,47,2,6,3,15,3,8,1,6
calendar,nl.tudelft.sem.calendar.scheduling,ScheduledLecture,0,68,0,0,0,27,0,15,0,15
calendar,nl.tudelft.sem.calendar.scheduling,LectureScheduler,6,323,3,21,2,75,3,21,0,12
calendar,nl.tudelft.sem.calendar.entities,Course,0,13,0,0,0,6,0,3,0,3
calendar,nl.tudelft.sem.calendar.entities,Room,0,33,0,0,0,14,0,7,0,7
calendar,nl.tudelft.sem.calendar,Application,8,0,0,0,3,0,2,0,2,0
calendar,nl.tudelft.sem.calendar.communication,RestrictionManagementCommunicator,15,0,0,0,5,0,5,0,5,0
calendar,nl.tudelft.sem.calendar.communication,CourseManagementCommunicator,5,0,0,0,2,0,2,0,2,0
