GROUP,PACKAGE,CLASS,INSTRUCTION_MISSED,INSTRUCTION_COVERED,BRANCH_MISSED,BRANCH_COVERED,LINE_MISSED,LINE_COVERED,COMPLEXITY_MISSED,COMPLEXITY_COVERED,METHOD_MISSED,METHOD_COVERED
courses,nl.tudelft.sem.courses,Lecture,176,0,26,0,15,0,27,0,14,0
courses,nl.tudelft.sem.courses,Enrollment,124,0,22,0,9,0,21,0,10,0
courses,nl.tudelft.sem.courses,Course,167,0,30,0,12,0,27,0,12,0
courses,nl.tudelft.sem.courses,CourseManagement,229,0,28,0,57,0,21,0,7,0
courses,nl.tudelft.sem.courses,Application,8,0,0,0,3,0,2,0,2,0
