GROUP,PACKAGE,CLASS,INSTRUCTION_MISSED,INSTRUCTION_COVERED,BRANCH_MISSED,BRANCH_COVERED,LINE_MISSED,LINE_COVERED,COMPLEXITY_MISSED,COMPLEXITY_COVERED,METHOD_MISSED,METHOD_COVERED
identity,nl.tudelft.sem.identity.entity,User,164,46,38,0,1,14,23,10,4,10
identity,nl.tudelft.sem.identity.entity,AuthenticationRequest,98,26,22,0,1,8,15,6,4,6
identity,nl.tudelft.sem.identity.controller,UserController,18,25,0,0,9,6,3,3,3,3
identity,nl.tudelft.sem.identity,Application,57,0,0,0,12,0,5,0,5,0
identity,nl.tudelft.sem.identity.filter,JwtFilter,63,3,10,0,17,1,6,1,1,1
identity,nl.tudelft.sem.identity.config,SecurityConfig,0,80,0,0,0,13,0,5,0,5
identity,nl.tudelft.sem.identity.util,JwtUtil,57,60,4,0,8,12,8,4,6,4
identity,nl.tudelft.sem.identity.service,UserService,14,45,3,3,2,11,3,3,0,3
